Wavelenth,blue1.ABS8,brown1.ABS8,green1.ABS8,orange1.ABS8,purple1.ABS8,red1.ABS8,yellow1.ABS8
410.106,0.200534368101942,0.475828998902055,0.192762378842646,0.180466703406796,0.272677922479658,0.212843424954936,-0.050485258762292
410.690,0.213392669162016,0.475337700990631,0.235020378895183,0.206949012662739,0.31249917461294,0.246077001027113,-0.0400909396808972
411.275,0.233754896712738,0.461314870302427,0.255091795771742,0.194760245858973,0.316070550066544,0.232350046952966,-0.0314389982293025
411.859,0.237405880732191,0.482468284166414,0.252222190199366,0.213821665451714,0.312445216038699,0.234599582706576,-0.0235819131602254
412.443,0.232559568984436,0.501587045383303,0.255322082588695,0.212954856808158,0.326219050665273,0.243846106018301,-0.0249821978968994
413.027,0.2437285511424,0.527010718082875,0.294691436767651,0.233882306213969,0.322663066743167,0.265112232986024,-0.0165627373353358
413.611,0.247301494543086,0.545123838679068,0.325738045462828,0.252072323208827,0.343026944298635,0.273222923400923,-0.0149372816508827
414.195,0.250765654497239,0.534720743462729,0.339378396681084,0.252011580824956,0.346297875419833,0.27580878986397,-0.0199593146214002
414.779,0.251624748466287,0.563133962018634,0.385640461800497,0.279596651098163,0.348907086873417,0.267587147886316,-0.0125312769251502
415.363,0.247521567518603,0.603537120594968,0.433455009438641,0.294283832552749,0.343430898509021,0.272390206397996,-0.0078780075046815
415.947,0.245734269267748,0.632041690595639,0.454664743125452,0.310795780989251,0.351418733207121,0.279430187243816,-0.0019269978050056
416.531,0.243230461265484,0.650981735714592,0.485956757170342,0.323060552516496,0.357283454562882,0.279195449787356,0.00755811581181559
417.115,0.237401321714184,0.693818146538574,0.480484648425774,0.322216610757885,0.357648067262567,0.276354651231609,0.010088907677145
417.699,0.235615747580381,0.709643554668003,0.487162348426528,0.332362488993069,0.367431022598176,0.270034249314062,0.0133587212412277
418.283,0.228176763578583,0.739114672034858,0.484266140875197,0.341246029310608,0.357376114602824,0.259971368561956,0.00701228087505092
418.867,0.220097558589014,0.791576573924106,0.496304064042216,0.353228510036291,0.363963705017304,0.260434321850547,0.00448327132529157
419.450,0.215038378189393,0.784617936324047,0.508704181399394,0.355216998257642,0.362550528827636,0.260025453035181,0.00533845281439017
420.034,0.213204003411639,0.792057366764869,0.519140747707637,0.361304855512458,0.350998215747523,0.264112688367092,0.00495993087411753
420.618,0.207174342597969,0.799082824179515,0.52641217203815,0.358470992915288,0.348647033988179,0.253448885877911,0.00171663436849702
421.201,0.199145396723378,0.829549722963871,0.540055381991251,0.362699517649779,0.33802889113779,0.255050658719717,7.0264116977299E-05
421.785,0.19390665848801,0.868575439010207,0.572022370759531,0.375210162871645,0.33676786549193,0.259862316035766,0.00337322161540024
422.368,0.185852294960247,0.905870226468972,0.590800626625328,0.378494772513831,0.338951618504398,0.265672681741031,0.00258876227008222
422.952,0.178648823460939,0.912935502677065,0.607146455047747,0.387794177857676,0.339276612582318,0.263609809168645,0.000108339764001762
423.535,0.174561082489505,0.910995901131781,0.609028141658956,0.389678839975989,0.333620257725003,0.263948218786682,-0.00436601747234846
424.119,0.169290672333929,0.940060233965685,0.611318625515332,0.393794236766977,0.326208428189257,0.262913835012986,-0.00662165192298724
424.702,0.168793895083438,0.957879610806253,0.628881376826632,0.397812129273266,0.323109097994346,0.267454759071698,-0.00355624877265332
425.286,0.160579492116354,0.959705973421435,0.626614292357528,0.399883927780189,0.318924703741871,0.268419476169048,-0.00379954976988535
425.869,0.158717970402767,0.978128584038506,0.637854617326586,0.402204215362305,0.321735197039122,0.269922709891969,-0.00120556580592027
426.452,0.151786751166126,0.974003934908124,0.652268760209245,0.406445692890001,0.318044046142531,0.274352750194773,0.000341899997120583
427.036,0.149908855446117,0.984858721397065,0.659457489323434,0.410229847119893,0.316756542961113,0.275186516767972,0.00152197175380776
427.619,0.146756751096598,0.990052125376181,0.663382052021689,0.412417607144036,0.317394926022239,0.275216131782406,0.0011874868795777
428.202,0.143190629178548,0.998030986799462,0.667428741192322,0.418750821644717,0.318158381064369,0.277539963542388,0.00120048864706836
428.785,0.13890825918435,0.993766462440538,0.665900884554512,0.420180303826808,0.317927263591593,0.276228374766764,-0.000128413498762028
429.368,0.13726626446638,1.00060560287888,0.660895485800625,0.4188470038988,0.319609190171986,0.27710200735165,-0.000992118924667562
429.951,0.136489013021465,0.999260138689384,0.661029492329152,0.424261470869277,0.317522490672046,0.277297760580628,0.000274003796433727
430.534,0.134463813281295,0.995967227613023,0.659859412184637,0.426555152679986,0.31668193984523,0.275047426175465,-0.00120534824034954
431.117,0.131921100385681,0.996042324831811,0.666017433481956,0.431341625162108,0.317172994992235,0.277739980214604,0.000695076082036193
431.700,0.128702507617635,0.994276162530997,0.669821626741316,0.436749897002921,0.319202259720274,0.278667278919228,-0.000115806992453719
432.283,0.126293927607892,0.99064531867887,0.670869997343858,0.440476378242812,0.322657658389602,0.277485814901845,0.000289347424251956
432.866,0.127311318743521,0.99809352031531,0.679649702709493,0.443216072929625,0.325799486950356,0.280340438379997,0.00151953387007798
433.449,0.126089977735975,0.990760201079918,0.680841457493535,0.446570626873359,0.324743002993135,0.28096810094812,-0.000489558105427427
434.032,0.126826568445673,0.998613157892994,0.677644694310183,0.4514824807977,0.326098138818323,0.281400526652252,-6.25262144165475E-05
434.615,0.12524915555758,1.00491809916422,0.680893194245331,0.456224760001573,0.327497455084994,0.283447873784497,0.000449009776878974
435.197,0.123878127675476,1.00408272950943,0.682966063199817,0.461659220342468,0.327635180858708,0.283649913594437,0.00180280106418154
435.780,0.122109695550753,1.00991865183714,0.684736039479108,0.464641785464482,0.327172474639877,0.284448615042898,0.00139628849939506
436.363,0.120975714765078,1.01201328061341,0.683567232259167,0.467010325796947,0.328270651980578,0.286561277632877,0.00229264870920568
436.945,0.119815391147635,1.00912973657208,0.683353752992873,0.472897931129429,0.32758450252444,0.28800168100864,0.00189322811969705
437.528,0.119775887739263,1.00918811967443,0.68216837223896,0.477352011435125,0.331601782879603,0.289890143977703,0.00169810642371698
438.111,0.119854959293786,1.0111104500204,0.680655453813566,0.482508831904057,0.335074533024291,0.295397776359043,0.00311544339664468
438.693,0.118210938707815,1.01429099121898,0.678354133066039,0.485841652306749,0.337777303261253,0.296936698418455,0.00259028935471723
439.276,0.117301092873587,1.0137591266259,0.675988129399617,0.490627538323997,0.338648486088578,0.297067194753378,0.00268130535808823
439.858,0.11548924670915,1.01486660221186,0.675226455313107,0.495084151529506,0.33710024593454,0.298588707708787,0.00131871831579423
440.441,0.113557998902905,1.01245040272875,0.675461249225305,0.500765019522986,0.336489921498504,0.299433391463574,0.000237290487002636
441.023,0.112417351888366,1.01819253443835,0.673622025722432,0.506131894622211,0.338814892027746,0.301263072465979,0.000945158421252495
441.605,0.111389980351113,1.01668346558156,0.67045152442096,0.510157671832282,0.339846064205952,0.303434070485756,3.4161361882676E-05
442.188,0.109618400029443,1.01632568478617,0.66832820459999,0.513545048801872,0.341677461194137,0.304306880948292,-0.00101038211397412
442.770,0.108821831252134,1.01721685175782,0.666649501778018,0.519043882254937,0.343674208677941,0.307292189855919,-0.000969122933105426
443.352,0.109318596196936,1.01458376873539,0.665171595126161,0.525319846479163,0.346364036867834,0.310490119693182,4.23237909616158E-06
443.934,0.108661598688282,1.01180531012279,0.662564086517108,0.532968188501126,0.34925174363781,0.312432277564552,0.000783491015436737
444.516,0.110002512346877,1.01040200864748,0.663216372289073,0.539502510459085,0.352232560040593,0.314394151677867,0.00238429121464681
445.099,0.10906032667741,1.01191321391129,0.661293519547497,0.545025287942175,0.354635393647276,0.317194205130564,0.00292994370575751
445.681,0.107661603659942,1.01252772823189,0.658281537747275,0.55041535094039,0.355784996023507,0.318311156433756,0.00131622903770108
446.263,0.107833481590627,1.01068663669694,0.657271076710415,0.556151171634532,0.357723665834543,0.320992937447192,0.00117431840946611
446.845,0.107322789768299,1.01105463083833,0.655817460079988,0.561570706290162,0.36199009603148,0.324971806367045,0.00241412027371995
447.427,0.107232332517934,1.00999078409756,0.651936304381579,0.567505273836013,0.365362408075909,0.328484987823851,0.00263932215106183
448.009,0.107140262735412,1.01120333350071,0.646121902086565,0.573695574190685,0.369131049407866,0.331670909918237,0.00288338675368243
448.590,0.107145001443886,1.00970754308412,0.644273648284117,0.580847202511469,0.372420776674947,0.335894828768584,0.00382853466087812
449.172,0.106387407324049,1.00933461525231,0.641663456520775,0.588244917458716,0.375584771020107,0.338042674189273,0.00409968443642594
449.754,0.10667634013777,1.0082365237888,0.638907806321615,0.595186313055915,0.378953981019524,0.341877608433039,0.00423856519304796
450.336,0.1061715177973,1.00532259517186,0.635528537789303,0.600973841269333,0.380832909467138,0.345000730758478,0.00417843290679247
450.918,0.105222560923382,1.00220325174959,0.629206947247683,0.605037336415241,0.383132777744137,0.348204654970879,0.00392020121825125
451.499,0.10521777048308,1.00250604607254,0.625142646417979,0.610927859492078,0.38601021774694,0.352217486000242,0.00472681973959791
452.081,0.103311306083996,0.999006712059537,0.618518679182779,0.61633266740065,0.389125496318588,0.355545016572714,0.0039030485699377
452.663,0.103337990817421,0.997554956946514,0.613760880299034,0.622362202943884,0.392237446518139,0.359019214702659,0.00365147732969072
453.244,0.103540496196426,0.996520103397711,0.610306200053109,0.628515360910592,0.395226831043094,0.363399427625184,0.00424103212656298
453.826,0.102993073001039,0.996517178641341,0.604728938385178,0.634711207543911,0.39865730570989,0.366960496277329,0.00478489049220365
454.407,0.102897187664363,0.993549616366528,0.600056610062338,0.640617482969578,0.400888191959768,0.371217420766466,0.00457591556078668
454.989,0.102701738190992,0.991326714569106,0.593971780251776,0.647551086032505,0.404983515988102,0.375224488811318,0.00504858813394875
455.570,0.101985687792173,0.987166474166256,0.588998095052929,0.652747974846859,0.407754043424131,0.379698455805754,0.00500349803176495
456.152,0.102192155510979,0.984759524473526,0.582662523486698,0.658416409349944,0.411363004445901,0.383787487216229,0.00503443897493879
456.733,0.102295079065977,0.980618227409483,0.577700490331152,0.662991498549511,0.414315821065094,0.388451558979769,0.00527335687713238
457.314,0.101060983754643,0.977683900421813,0.571024810093148,0.668509699062554,0.417311538357074,0.39227381610601,0.00570979877755927
457.896,0.101541954010894,0.977302116153393,0.56585233060869,0.675108830498392,0.422511741284466,0.396557922680146,0.00593079461781381
458.477,0.101162607111067,0.97667375763933,0.561412516000264,0.682357811673919,0.427190477564527,0.40145850549756,0.00633460065423175
459.058,0.101254398160168,0.973791037330279,0.555945946885952,0.688177704712938,0.431581616875226,0.405594247774251,0.00541958505784263
459.639,0.10154332363715,0.971368994767146,0.549643653004015,0.694543718807601,0.435944474743771,0.410262863797615,0.00570936318890498
460.221,0.101586215363831,0.967978331015369,0.544456838100727,0.700634188180725,0.440191124222561,0.41523959284361,0.00602685934339876
460.802,0.101707398293999,0.964419235028859,0.537956717436241,0.706353332394649,0.445848865459584,0.419631290374612,0.00623405422157906
461.383,0.102696807826125,0.960366953749585,0.532491715246594,0.712765335464044,0.450656568079766,0.425009445611518,0.00658318288846506
461.964,0.102887727238254,0.958805423638906,0.525554038161531,0.719484118764502,0.455551668537239,0.429202094467979,0.00633667778712974
462.545,0.10290404678013,0.957160745013232,0.520116191772534,0.725962766334993,0.459110621089069,0.43373967814065,0.00637476925576993
463.126,0.10377717072863,0.95561809407258,0.515476592781157,0.733064880262494,0.465233904583133,0.438951673547491,0.00677691270308896
463.707,0.103051274423782,0.951644612324263,0.50910579044396,0.739367914786499,0.469865310941976,0.443121097579688,0.00605190340442533
464.288,0.102619421817779,0.949546348867672,0.502932263637221,0.746182155533486,0.475723285081707,0.448582514568846,0.00551455350872296
464.868,0.103443868396348,0.948253119528743,0.498403936912216,0.753525793025899,0.479869672693981,0.453628324160585,0.00537360123456404
465.449,0.103253616823906,0.946155411617942,0.491616788220254,0.759532836177105,0.484045955409659,0.458659981437333,0.00441735094644227
466.030,0.103560925184766,0.943621827697318,0.484665959757809,0.76688259802303,0.489061884152236,0.463525824486962,0.00398881353766908
466.611,0.10277249083591,0.94078310955319,0.478518052944516,0.773346262377912,0.493404657570957,0.46909303757204,0.00422765676692886
467.191,0.102709570552075,0.941067228470597,0.473489271609986,0.779616830548298,0.498181504575084,0.475060628873539,0.00438815751630784
467.772,0.101540751060287,0.940151470787946,0.465732169510157,0.785475347861659,0.5026033885569,0.479418840527798,0.00371710514510641
468.353,0.101511382037889,0.939641820976944,0.459168426399597,0.79228681607349,0.506776978986893,0.484648984747941,0.00383609123580006
468.933,0.100232938022021,0.939728518694854,0.452120887957915,0.800258063657269,0.511863298333441,0.489248202493176,0.00286871749273651
469.514,0.0999768814780459,0.93825750296768,0.446526592788276,0.805908210609816,0.516508130285232,0.494763356242912,0.00293096541850684
470.094,0.100538927599198,0.937350583848696,0.440687270102642,0.811573335603825,0.522314772868961,0.500135416427654,0.00248652865320032
470.675,0.0999923684231787,0.936023197356498,0.432994567273557,0.818138823342631,0.526523767776064,0.505060145930751,0.00246874392988629
471.255,0.0997375382833231,0.935968661927562,0.426220661323538,0.823766566493308,0.530917133167669,0.510692768145547,0.0024863361607588
471.836,0.10073849724902,0.93611716072574,0.419146714841641,0.829898646994592,0.535973365999162,0.516769381970442,0.00304452740016496
472.416,0.101476365658422,0.93482194394343,0.410836027240011,0.834094273539395,0.542937462084721,0.522914184731129,0.00268904202755762
472.996,0.101340222819387,0.93336542908867,0.404418845365516,0.839090365185641,0.548914875315941,0.528754917665338,0.00386528463786531
473.577,0.101789148218942,0.932275254130013,0.398328807759329,0.845054500731918,0.553850400418807,0.533242570229409,0.00369966314970792
474.157,0.101664581931739,0.932846960740567,0.391154225925419,0.849700599670797,0.55861613216624,0.537812997923018,0.00296268864136747
474.737,0.102328293188827,0.93156816036371,0.384669826054,0.855216669589697,0.563014330145822,0.542373486821956,0.00268283896330614
475.317,0.102722964821303,0.928799036253036,0.378567039250544,0.861061306730561,0.567360368324155,0.548585119199695,0.00252246009152551
475.897,0.10266531234925,0.926276596032252,0.372189782049946,0.865942046358675,0.571814139259996,0.553529457924076,0.00283388667219545
476.478,0.102805251719251,0.924689198283889,0.365911476739717,0.867571356433889,0.575649222207545,0.557995460939665,0.00317275081920787
477.058,0.103246790654287,0.923196261022028,0.358960379807481,0.871839753343661,0.579778688727855,0.562688687555717,0.00278474406421627
477.638,0.102367982481664,0.921628486285379,0.351450929294044,0.874906636737335,0.584410260983937,0.568764164522852,0.00297752647389463
478.218,0.102338566877654,0.918690011136099,0.343966867967525,0.876420111191972,0.588270234180605,0.572995751558939,0.00239925062199488
478.798,0.102953183038636,0.915845811951526,0.3364386468241,0.877818161147688,0.592609463875385,0.577365850749291,0.00243971440960611
479.377,0.102508711875433,0.91393128779512,0.329451158705323,0.879571432745667,0.595920677892432,0.581266461274706,0.0023785923410502
479.957,0.102188461175979,0.90998416745543,0.321829604291901,0.880729980046736,0.600100422508792,0.585645909688879,0.00311416983695411
480.537,0.102041114931098,0.907609203613302,0.314187533927703,0.881742358544637,0.604328969766536,0.590290419066998,0.00264369189509753
481.117,0.102169920577957,0.905729421025692,0.307048886302308,0.882283336057395,0.608775737585565,0.59658769039819,0.00315425248958458
481.697,0.103327994568322,0.903308859536799,0.299791821674284,0.882273435520728,0.613499911118543,0.602337832408053,0.00332358787177315
482.276,0.103099344352451,0.901130767246262,0.291633841422113,0.880871580014189,0.617872315068308,0.608335347838046,0.00300124709833343
482.856,0.1044656593137,0.899611316099694,0.284311534953915,0.880508726298682,0.622135379069445,0.613325101322978,0.00369288826693471
483.436,0.104799578018299,0.897780731840436,0.277627369197408,0.880236189269204,0.626239467761174,0.619076513868153,0.00307052806472484
484.015,0.104991567246887,0.892735092334305,0.270092525676826,0.881693941930175,0.6301673943387,0.625594319505308,0.00250083373034722
484.595,0.104256793818415,0.887162118642508,0.262155309570033,0.880686856736285,0.634385552529335,0.630291279162514,0.0019258105819249
485.174,0.104882975080813,0.883831639087422,0.254700314643094,0.87824347975009,0.638760254329987,0.63378317506144,0.00238961333084177
485.754,0.10536064840997,0.882565816312653,0.247868582442371,0.875632570429041,0.642935066467114,0.638696736149665,0.00301892092988098
486.333,0.105987770044966,0.881329336489058,0.240989544182567,0.874609560245085,0.646886925582892,0.644523713340008,0.00400995002363127
486.913,0.106635439535365,0.878583364401959,0.234088395484009,0.873981064030937,0.650965322461144,0.647758628588224,0.00452250544578794
487.492,0.106455817178164,0.876870672050097,0.228014872004208,0.874316707367824,0.654570797349941,0.652338582611698,0.00375745835007181
488.071,0.106880050254578,0.873800161400363,0.219955551261131,0.87224398450313,0.657057712491128,0.655433693830685,0.00345779917330656
488.651,0.107281382794968,0.871505533292853,0.212935702595582,0.869747999047454,0.659911078229373,0.658755736500873,0.00361302211913574
489.230,0.107380842083734,0.866268409427398,0.206699488871385,0.871435014283609,0.665091900556287,0.66176436071589,0.00426376685629161
489.809,0.108029753721259,0.864418399093375,0.200738028397939,0.870603119921084,0.669855045182242,0.66486081004694,0.00474793379723899
490.388,0.107916814403645,0.863145291707832,0.195032133457278,0.869352805113856,0.674376239797074,0.667814228066206,0.00486215139898925
490.968,0.108035420277391,0.863140459679082,0.18796918873081,0.867330238733988,0.678229649197013,0.671023576453009,0.00541567814809812
491.547,0.108792251340438,0.864151269929378,0.181855046120877,0.864328473000931,0.682709854783792,0.674327926762236,0.0060663466099762
492.126,0.109776629993372,0.864981995480797,0.175895132837835,0.861276992955706,0.687264826231407,0.67829278134077,0.00732464438566827
492.705,0.109864345601952,0.864073701639929,0.171132294161787,0.859358176447899,0.690541051594476,0.683152335082397,0.00663216423369522
493.284,0.109517729632948,0.8623209164275,0.165368001347898,0.860532301901139,0.694486496343117,0.686358291602988,0.00595690319952125
493.863,0.109376894308603,0.860319921179776,0.160871763487597,0.859131126684629,0.699514305550538,0.689372115716101,0.00545098059530318
494.442,0.109355583956139,0.859211178298426,0.155543085458805,0.857307471825124,0.704429858428222,0.695466600888398,0.00605119821829638
495.021,0.109592592742702,0.859384890334382,0.150469375385135,0.85676888640147,0.707610389452615,0.698720251688564,0.0062322208329855
495.599,0.108822551642253,0.85964751001493,0.145504089340484,0.855225044617182,0.712166989222567,0.703108568470481,0.00649942180191174
496.178,0.108906404997916,0.858398716798453,0.140984742554848,0.852818391514915,0.716164084463421,0.707612679185007,0.00660062841722671
496.757,0.108993018053256,0.861948559078809,0.136762088757362,0.84636725350083,0.718569586546106,0.710809430978438,0.00571868798703971
497.336,0.108193942345349,0.862303824764628,0.132999248604843,0.841392118383848,0.722316866837255,0.714113550364068,0.00579460348486256
497.914,0.108502246013882,0.861841397646428,0.127972725817732,0.837390089479888,0.725462924029604,0.717557487854914,0.00519638509488352
498.493,0.108961146575746,0.861392355096415,0.124182278239753,0.833372662832531,0.729382183176936,0.720801464955061,0.00476594188225322
499.072,0.109367412262735,0.86136474640785,0.120448795538267,0.830294431833264,0.732702565365643,0.723224935589376,0.00445335369044664
499.650,0.109876467979038,0.860595368982996,0.117275634640896,0.828433340469017,0.736203269278548,0.725105499873452,0.00380299277269317
500.229,0.110446754887032,0.860050138993156,0.113782609337052,0.827119666066836,0.740359686366468,0.725756575601049,0.00415031125260321
500.807,0.111179724852562,0.863304062111611,0.110885650325111,0.822870336259576,0.743321421360432,0.72828703677281,0.00403736467940287
501.386,0.111378009674258,0.865191747389488,0.108354124234264,0.818472370627676,0.744900001011033,0.729702490501039,0.00327325611509793
501.964,0.111017947974353,0.86696167606513,0.105846966152403,0.815774502281816,0.74816526778271,0.728768921256273,0.00197676155567809
502.542,0.112209995242412,0.86836983936277,0.103436675655162,0.812536573226678,0.752436367420822,0.731591662339513,0.00261264717273382
503.121,0.113627128289328,0.869785570305894,0.101981886198048,0.809739075625337,0.75572643269101,0.732356653974918,0.00260461964038184
503.699,0.113735902224547,0.871788592953347,0.0995256682288569,0.806905134907889,0.758645252558548,0.731164678552955,0.00182954309928682
504.277,0.114164248534872,0.874518058210752,0.0978367548635135,0.806495198354744,0.762574609401501,0.733424707651862,0.00267604460096664
504.856,0.115925014590708,0.87796278461766,0.095817132010974,0.805100121493537,0.765499076797221,0.735680619970821,0.00308872184865841
505.434,0.116387057611456,0.881330609086706,0.0953400495213289,0.802328931147426,0.768548485784636,0.736178812584873,0.00399014275492358
506.012,0.115680487622807,0.882943363516158,0.0944093752088155,0.797883186370149,0.770163357590307,0.737940301020368,0.00428879412075228
506.590,0.116382504767223,0.884476054134625,0.0932480116571035,0.792781882690477,0.77319910237177,0.740192613421002,0.00505053479249737
507.168,0.115889294513258,0.887596331817728,0.0915367238079371,0.788189852430807,0.774675546026865,0.740432832773212,0.00482536934144507
507.746,0.115849459034705,0.889928049118459,0.0897789426409928,0.782583807786843,0.776253856002787,0.741292810243339,0.00363945882470296
508.324,0.115707453599271,0.889770781131764,0.0885749141806423,0.776056915192675,0.778740278579611,0.739783983632077,0.00403014955436197
508.902,0.115913377457627,0.8921979559828,0.0869522473617832,0.769814953221685,0.781471613726548,0.74000313394725,0.0040345414353349
509.480,0.116729449584094,0.893948957035112,0.0862180392315974,0.762290344177213,0.783983399990524,0.740513442498977,0.00424357384687897
510.058,0.117386886880206,0.896301866736905,0.08529720339777,0.753600043308222,0.786372964168978,0.740093592902347,0.00417739108039925
510.636,0.118071682050922,0.898831619492565,0.0850034483145557,0.744696869087103,0.789133322755127,0.739289859549435,0.00424514433942874
511.214,0.118953568196701,0.899376101885537,0.0846456767698815,0.734253843735407,0.790868448970904,0.739486382911712,0.00368044832517995
511.791,0.119656930069534,0.898402753325968,0.0845251387701087,0.724625188615669,0.791745911383884,0.738365501606416,0.00427348600511487
512.369,0.119900404647753,0.896975229141238,0.0830428747034619,0.714395823826003,0.791040473050927,0.734576863999141,0.00293122638165081
512.947,0.119781824761954,0.896289072820684,0.0810812026461032,0.703291663930644,0.791365087837551,0.733252204757924,0.00256858732958145
513.524,0.121053629858394,0.895874377283939,0.079993459060312,0.694558720229283,0.793579661562271,0.729203875158009,0.00244030191532801
514.102,0.120851808570579,0.898760544556718,0.0794111700176003,0.68377357642375,0.795310048790249,0.725985116778761,0.00163165457005873
514.680,0.121826709226417,0.899064427543838,0.0795555262938938,0.671134046208651,0.797523082538175,0.7257948663654,0.00209561666688532
515.257,0.123199678112879,0.899998285990169,0.0798729814860093,0.658138484878896,0.798931729108156,0.724527643613881,0.00272674273923246
515.835,0.125144555388454,0.901915934636496,0.0803646914275643,0.645529215726989,0.799962719569022,0.723685726777107,0.00287721845659911
516.412,0.126659011452622,0.902632824961785,0.0805805987348943,0.632387256902972,0.800467678579635,0.722080746501529,0.00299512598580552
516.989,0.127406425553873,0.901487421589809,0.0800652821862151,0.618999265208558,0.800652163274676,0.720963326798919,0.0031730309549668
517.567,0.127578093542664,0.902244712117811,0.0798250214957394,0.604852174133804,0.800587135471275,0.718217792479201,0.00261197412953005
518.144,0.127903347691769,0.900564926992852,0.0794264235818867,0.590828878890281,0.801261551221545,0.716693361745409,0.00358799804322784
518.721,0.127897846270977,0.898506930139804,0.0792748392981847,0.5761122601209,0.801358298560087,0.713006504888019,0.00424550205301827
519.299,0.129465035358014,0.898486894766814,0.0786909694782216,0.561086333581632,0.801054524974542,0.710247307093373,0.00335425153293639
519.876,0.129932646293725,0.897848162949714,0.079301153969172,0.547019389501826,0.80019868323992,0.707900499954814,0.00376240778958369
520.453,0.131483739042664,0.896052929195768,0.0801856821847976,0.532026489665768,0.800740056518412,0.705977437329547,0.00384219222203352
521.030,0.132522464952892,0.895359863486105,0.08028188506433,0.515393367080956,0.799032504891077,0.704170795469792,0.00385706660280839
521.607,0.13321734199231,0.892666419983823,0.0803044312587688,0.49941433200086,0.797053989372506,0.700704761311651,0.00348094422409234
522.184,0.134672459152225,0.891676485481555,0.0805544411846709,0.483843173771964,0.795346223542166,0.6954591822671,0.00375012056625039
522.761,0.135334156785897,0.889216765059878,0.0802332901755834,0.468778589305225,0.79519837381825,0.691372858716784,0.00349840748084407
523.338,0.13583609058667,0.887000339918951,0.0795876222715405,0.453426213843392,0.793248537380206,0.687127087149212,0.00321420621308535
523.915,0.136026521940095,0.884260288568486,0.0793506501816667,0.438935144757698,0.792779469560704,0.6835291815875,0.00367010388156792
524.492,0.136641656566526,0.882586329246594,0.0792918522854053,0.422530210137787,0.790635579896571,0.678584306920028,0.00309798021758277
525.069,0.137137225295264,0.880141399426302,0.0796330233363909,0.408328703828639,0.789017051256853,0.67484649729159,0.00347825906997821
525.646,0.137247540398473,0.877425288387446,0.0794996820322218,0.392576536541127,0.786220051637959,0.670126379427014,0.00252408320055252
526.223,0.138707808797855,0.875824024457492,0.0791554317597055,0.377566402619713,0.785563889353026,0.666034066756648,0.00240936054367928
526.799,0.139331827047729,0.873598265451389,0.0796138326028386,0.363023484817345,0.783254184116023,0.661953697373023,0.00274357527042675
527.376,0.140046541966125,0.870371684572765,0.0794727103684602,0.347606487100089,0.783403947186835,0.657947855196376,0.00213874998411527
527.953,0.140792824418756,0.867643497443393,0.0790002497471921,0.332884606350711,0.78234758995137,0.65240792607832,0.00188823187750016
528.530,0.1416837141816,0.864649990225767,0.0794297723765331,0.319470540757951,0.780473502688945,0.647641687480272,0.00186265778673419
529.106,0.143323656093789,0.860258869483585,0.0794456007460898,0.30609031719093,0.778757543722511,0.643762057847222,0.00233765472446741
529.683,0.143687856379017,0.856829935892053,0.0791955134534746,0.293482954971706,0.776529489316843,0.639498992361737,0.00202937666580309
530.259,0.144747594960443,0.854069500419819,0.0787817788558566,0.280311796688166,0.773258897078323,0.634815161151292,0.00227091727841426
530.836,0.14574812427471,0.850248717707069,0.0788613041386944,0.267838327200028,0.770489571697097,0.629151487712171,0.00263890197088257
531.412,0.146437762701213,0.846207492132263,0.0789751978384558,0.254581466269279,0.767727397145684,0.621985117192012,0.00214946839202734
531.989,0.148433149720292,0.843516617733536,0.0790187844182684,0.244002210013169,0.766169858194569,0.617351048603238,0.002403427213245
532.565,0.149737115085553,0.839695222726105,0.0789100165066869,0.231745659847729,0.76342247553858,0.611082874552293,0.00209090248092862
533.141,0.15174708680763,0.835356677783148,0.0792139770478072,0.221847113750185,0.76202968404854,0.606149031122245,0.00180026567045039
533.717,0.152597160633107,0.833011130632992,0.0790938928785583,0.211967048724836,0.759412632996073,0.601095772153991,0.00208040296322635
534.294,0.154424416314554,0.829949760189368,0.0790713358145914,0.202669468296547,0.758740848041373,0.595437556125978,0.00246112343477756
534.870,0.155700648059808,0.826897909532808,0.0796068793109583,0.194045806472553,0.756678527348857,0.589082667342259,0.00282144798593477
535.446,0.156760430687942,0.823367841260013,0.0793990656056424,0.185731063934477,0.753002291488092,0.583145905192092,0.00272481084440682
536.022,0.158355922490577,0.819167211957169,0.0794385751566146,0.177324199856938,0.750887110869183,0.577648405093365,0.00288223830830851
536.598,0.159688348328936,0.816124377006632,0.0791500494114711,0.169794486612924,0.748847124423996,0.570805382192628,0.00282282490268964
537.174,0.161898610471853,0.813432049465446,0.0795224822814029,0.163185275533968,0.748622235298932,0.564670731858072,0.00274927947944257
537.750,0.163908023310658,0.810946332008019,0.0803093584956421,0.157006583395564,0.745988208302452,0.558756200152277,0.00348568968579548
538.326,0.164394611889172,0.807278342727318,0.0806913839500013,0.150223894889629,0.744539141277115,0.554145490224709,0.00295817282461931
538.902,0.166458593347622,0.804751655044614,0.0802468280345786,0.144517156962199,0.743116543037454,0.548676601009977,0.00333353694093642
539.478,0.167448687015926,0.80047177636052,0.0802365449730262,0.138025723340756,0.741064064651575,0.541884824944627,0.00278901993373499
540.054,0.169450721277315,0.797165772888311,0.0808322165276783,0.13289721894009,0.739120121187283,0.53626728534846,0.00247761268321001
540.630,0.171481597280312,0.795375320149587,0.0813242708212547,0.128287194161523,0.737611277334848,0.530024813596941,0.00337323496326223
541.206,0.173656591600684,0.792967682950112,0.0819524624228316,0.123852001999076,0.73487166744698,0.523247388367645,0.00329265633624386
541.781,0.174523366394703,0.78762333324896,0.0812749869693013,0.118741267746195,0.730478878799752,0.515735408139492,0.00264684533016197
542.357,0.176674755152191,0.785266647655165,0.0809897869415978,0.114479134613791,0.727917366919146,0.510531884261689,0.00298828109413803
542.933,0.178779718948834,0.78259690972165,0.0813075741154092,0.109825293655205,0.724539225481081,0.504548460421417,0.00279038556304559
543.508,0.180093495712743,0.781107731352331,0.08126928499852,0.105463839441871,0.72285388107655,0.49709061434975,0.00252402742331879
544.084,0.181523218430715,0.776974558917076,0.0818867695442948,0.101517155748367,0.719883887062704,0.490038939347598,0.00225773699110068
544.659,0.183552985759126,0.773033643272482,0.0825142816862509,0.0973929858309845,0.716588638720027,0.483817490624485,0.00265431848674355
545.235,0.185044609043005,0.769546871415277,0.0828659268709885,0.0945306802264404,0.71558917029942,0.477098087900438,0.0024908765970983
545.810,0.187919943675405,0.767357114634578,0.0832568246453169,0.0921664695422793,0.71463952731964,0.469439903298287,0.00273435291202803
546.386,0.189739821142509,0.763416618177007,0.0840683304973377,0.0896823771339024,0.711700321165625,0.462265250844179,0.00261054212333641
546.961,0.192069411984016,0.759174985007063,0.0846413559428133,0.0880888578874897,0.709328265797893,0.455729494943834,0.00351544497994472
547.536,0.193945241909938,0.754625570267914,0.0843118609386774,0.0853582265886674,0.70696130261666,0.447358199271625,0.00393136867840631
548.112,0.195799952389573,0.750893355549417,0.0836085039255057,0.0823227436985391,0.704042632353686,0.439922338780906,0.00306584430040775
548.687,0.197851955153057,0.745777358778217,0.0834928580721329,0.0801244792587631,0.700796209623744,0.432674351383355,0.00246352431657139
549.262,0.200076023885523,0.742188855085601,0.0845794163189319,0.0781735776789631,0.698545293001849,0.425159293687977,0.00218430250616936
549.838,0.202027630596842,0.736672435471498,0.0849901932970726,0.0759484981903971,0.694834464342506,0.416806520627874,0.00214959814066118
550.413,0.204279049917488,0.731672767713346,0.0862308592062036,0.0745355253538335,0.693749273060332,0.408653634319326,0.0026066044331137
550.988,0.206961869923157,0.726785751936185,0.0867943788847493,0.073075851497061,0.690547485620121,0.40089275862871,0.00251208560491146
551.563,0.209513348645559,0.723155614162163,0.0869284824858513,0.0712847060527457,0.687379358442436,0.393709971092314,0.00252567950484066
552.138,0.211267921419253,0.717422453493382,0.086808349845056,0.0700467048357975,0.684726251641261,0.385949936139265,0.00174403957597965
552.713,0.213978886041314,0.712391953349911,0.0869354393375898,0.0687454929167832,0.680823483545933,0.377131436571075,0.00200813353388096
553.288,0.216846474800688,0.706597646350487,0.0872748983892036,0.0674451881497018,0.676489275886311,0.369620969648867,0.00224297564160489
553.863,0.219741504346493,0.701095722951518,0.0874183776819769,0.0660085808827474,0.672903314200247,0.362128232207091,0.0021297785736275
554.438,0.222226767389067,0.696206878559137,0.08739574350499,0.0637239054676003,0.6684885873647,0.352595129623784,0.0013771603870004
555.012,0.224744232981601,0.689659287025169,0.0874136205839389,0.0628143993742874,0.663059552883066,0.345412713732054,0.00130031499648703
555.587,0.22793487993009,0.683969664536165,0.0884410981795497,0.0622746201263571,0.658130316804293,0.337652325056555,0.00168320287286547
556.162,0.231086833793013,0.678408485974772,0.0886734554524543,0.0611087425679616,0.653973398954554,0.329266185878694,0.00221083868470397
556.737,0.23484507334065,0.671621945825226,0.0883263059718251,0.0600581937230001,0.6507181020536,0.321476066981379,0.00205201672338913
557.311,0.238352108428943,0.665613180935342,0.088528551542578,0.0596025700910717,0.647090868108778,0.313983718114915,0.00219730953518081
557.886,0.241249415549994,0.659062623093146,0.0876641271716995,0.0585946528263045,0.642268730502104,0.306006987478045,0.00144352591169868
558.461,0.244662741736859,0.651450281563128,0.0877205886173917,0.0578676982626194,0.637065101892247,0.298516379494584,0.00140252582626051
559.035,0.24885955997211,0.644529002752846,0.088566177250227,0.0578571471272307,0.632825762587006,0.291121491058541,0.00201572167937635
559.610,0.253008864565562,0.638292249711565,0.0890275361375814,0.0566972287908895,0.627664832227231,0.283492090098449,0.00230980233039905
560.184,0.256219492566062,0.629812573952604,0.0892512288643463,0.0551861917105562,0.622184301503836,0.276635160698164,0.00136394607625436
560.758,0.26013559204317,0.623001010242567,0.0890382499318505,0.0544226707848564,0.616943502109856,0.268572998257906,0.00130072546305196
561.333,0.264617994716164,0.616684127493985,0.0897524880377891,0.0537507103273361,0.612276039405692,0.260976073193196,0.00183209862332503
561.907,0.26975407239097,0.610669822898377,0.0910016948399801,0.0541366897990053,0.60791283622005,0.255345144986948,0.00255241162215417
562.482,0.274841022210091,0.604390970555755,0.0924640893050674,0.0541143593245345,0.603896451977558,0.248950071257986,0.00273566032435984
563.056,0.278439516967942,0.596376724804634,0.0924701543962135,0.0527035787661759,0.598657479204525,0.241341672960305,0.00230835099347315
563.630,0.282264706507409,0.588299886485303,0.0930658142492951,0.0522328832667165,0.592830304567403,0.234144116877602,0.00196494259049807
564.204,0.286396463163688,0.58060940126069,0.0942994499178475,0.0515817651368918,0.587233826150322,0.227331146310142,0.00267730329402417
564.778,0.290502720074862,0.573194161412276,0.0948016887114014,0.0509135293802831,0.581568696116312,0.2203840108622,0.00220695190308574
565.352,0.295490336837612,0.565609189255036,0.0962451536560679,0.0505034023210573,0.576009673736812,0.214172361107791,0.00271060562838732
565.927,0.300414325735071,0.557598353128577,0.0970959035750418,0.0503718052331562,0.570202144249935,0.207936133954701,0.0030848199260794
566.501,0.304480267236032,0.548734973170361,0.0972213414743534,0.0496798976112853,0.56386821464215,0.20082799569625,0.00233985636525249
567.075,0.309320242257278,0.539828996771488,0.0977266824257915,0.0493849449391539,0.557309445811221,0.194439800685572,0.00231763258476433
567.648,0.314914474875557,0.53197507936289,0.098769125996889,0.0493975901813286,0.550795823644162,0.188449301467403,0.00260305782009419
568.222,0.320358185047575,0.523001823778132,0.100304210169965,0.0495604857258905,0.545362938024325,0.183349859626933,0.0029616482597252
568.796,0.325538767265148,0.513174037244654,0.100792801502496,0.0494580124929294,0.538497522130121,0.178179994865962,0.00265416621194407
569.370,0.330112964248548,0.503156134065181,0.101082053256669,0.0489557559404313,0.532233425576069,0.172318691567542,0.0022505497283075
569.944,0.334839699239418,0.494779030166818,0.101353908074555,0.0483878326714997,0.526014505619843,0.166097216269048,0.00218473420832628
570.518,0.340812057973567,0.485463458989309,0.102363943941606,0.0489942323024113,0.519861448808242,0.161539022436303,0.00264606455596937
571.091,0.346926624125385,0.477250256330855,0.10380665394108,0.0485896171754208,0.514978727308371,0.15774198605784,0.00290730322774824
571.665,0.351778881681044,0.468916972379228,0.10446315684115,0.0485394775425217,0.508506417768377,0.153031073343909,0.00247345206627784
572.239,0.357375258442569,0.460152537002521,0.105413517358673,0.0478853472597201,0.502355303739764,0.148602484101185,0.00282095781183717
572.812,0.363166659889941,0.451039658758915,0.106405549498538,0.047894321670229,0.496027570040956,0.144285221690315,0.00255799721161334
573.386,0.368143145548503,0.44270828296551,0.107161030465721,0.0478727225614652,0.490960177930167,0.140184795321017,0.00248358767376993
573.959,0.374056239481367,0.434558797371305,0.108443211926567,0.0477230187398021,0.485119254264728,0.136894002015442,0.0029918438963646
574.533,0.378769992692565,0.426412706755948,0.109601799171445,0.0476363021433525,0.479703638488013,0.133080949078007,0.00287654804408648
575.106,0.383246058867189,0.417627731116991,0.110003153111109,0.0472219717838161,0.474419259941604,0.129420222543653,0.0029701942433909
575.680,0.388024729248252,0.409371743697794,0.110354950665131,0.0463141375542001,0.468026975408441,0.125779661969439,0.00226625460385929
576.253,0.392219076536165,0.401224719220271,0.11081102664594,0.0458131724131718,0.462240997335227,0.1222946552307,0.00201377714185519
576.826,0.397092159320213,0.394067291944293,0.111612355987932,0.0456353563603163,0.456890959119914,0.119385387882853,0.00254469783488952
577.400,0.402443587313755,0.385822184325117,0.112732309050901,0.0457039250789468,0.450908397740804,0.11685403120892,0.00266957937547384
577.973,0.407230240197111,0.379175378726609,0.113882244596824,0.0456553224762554,0.446000326732794,0.113844094735653,0.00254725201752304
578.546,0.411197606185813,0.371352312272701,0.114071256843831,0.0453842324608846,0.440015935043241,0.110770035587855,0.002531341222019
579.119,0.415941769944665,0.363511952103357,0.114189646211802,0.0448972637352757,0.434627337569466,0.108091991352537,0.00250959676677602
579.692,0.421057738216311,0.356455810686822,0.114609315586806,0.0449933540964708,0.429045628309469,0.10514068119747,0.0020968185456799
580.265,0.424771986198788,0.34933657852159,0.114617425988566,0.0441548530579486,0.423495906888266,0.102399533034535,0.00222746418785902
580.838,0.429455255543369,0.342915658148124,0.115034522939048,0.0436324962838423,0.4179149560895,0.0999106926747725,0.00174327665064543
581.411,0.434032396714985,0.336960123789367,0.115425533787797,0.0437306311505627,0.413700481174888,0.0975819706265511,0.00155359120913762
581.984,0.439192079550041,0.330878988832193,0.1154931013145,0.0436650441977398,0.408891938785787,0.0956471459284678,0.00183284420878961
582.557,0.444998452510129,0.325273646481517,0.116291328016309,0.0436146876517501,0.404586543347628,0.0936349129118009,0.00207735336185545
583.130,0.44947376243989,0.31954401297637,0.116823513584588,0.0436270416638954,0.400626880564439,0.0912747805655237,0.00263092928844771
583.703,0.454506118766721,0.314417487949643,0.117270836528705,0.0440370639707232,0.39693856280672,0.0894666906194977,0.00292283715303646
584.276,0.459186319885014,0.308362144982363,0.11795156175825,0.04394241270973,0.393033812290475,0.0871951342983898,0.00246493541302369
584.848,0.463872408523822,0.303389317518603,0.118107153304086,0.0438397392688373,0.389694696030142,0.0857081268779574,0.00239651752851051
585.421,0.468475178953442,0.298330996928082,0.118943064360005,0.0434324868693134,0.385653870230978,0.0840184328097681,0.00246149968967287
585.994,0.473585933233223,0.294312941439018,0.120059897397002,0.0437445373246318,0.38302337465901,0.082827509388643,0.00270668285717404
586.566,0.478164629527313,0.290446805991028,0.121225935073983,0.0442019730192903,0.379677063295571,0.0814346082206477,0.0026930658969119
587.139,0.482253393361052,0.286409780996191,0.122353121813831,0.0443056233577953,0.37736981443841,0.080963818052292,0.00302233427519995
587.712,0.487131078184986,0.283380161215898,0.122970408631407,0.0450753007700242,0.375255246162026,0.0797934890152061,0.00303071643707057
588.284,0.491480680524466,0.278677072289452,0.123825916701842,0.0451853677359147,0.372957263056547,0.0783564538547032,0.00315125960351712
588.857,0.495402683244297,0.274072643811939,0.124209324938154,0.0446646823743508,0.370573117181914,0.0769190012991368,0.00273902546043824
589.429,0.499719102167692,0.270090146574536,0.125157094262944,0.0448161795926948,0.368502648234149,0.0757304818523557,0.00283291311674712
590.001,0.503488227914041,0.266649115671166,0.125804819121574,0.0450611941780344,0.366845279070077,0.0744730106843084,0.00263620784020238
590.574,0.507957445249717,0.263762374860965,0.126972448528573,0.0450266386062189,0.365154075678876,0.0740717134012043,0.0022047292153405
591.146,0.512971980237491,0.260316761351346,0.128143638996458,0.044581430335354,0.363694932892846,0.0728982783310271,0.00198548683661381
591.718,0.51809088630731,0.257863801591433,0.129401508098326,0.0443129888428603,0.36260882188317,0.0727017588857355,0.00206057023530319
592.291,0.522391467516978,0.254782593526058,0.130265079470322,0.0439391833418229,0.36096290066527,0.0715074825773542,0.00165876306156317
592.863,0.527526459490758,0.251950632106924,0.130923730237734,0.0436614588490238,0.360362792781518,0.0707439359375413,0.00148472816794727
593.435,0.53281053147011,0.249330408499976,0.131559091600409,0.0437065895213816,0.359927511653904,0.0700278923535047,0.00132523106351602
594.007,0.538556033224624,0.247204599245423,0.132246180355102,0.0436332583910407,0.360613719414457,0.0698396645931547,0.00151470858364774
594.579,0.54497782650919,0.244609397635172,0.133028703916322,0.0436870980421832,0.360849338609942,0.0690557572672552,0.00180661779291406
595.151,0.551400215899141,0.242759531428118,0.134898184191357,0.0435669165742836,0.361171412717497,0.0687247253637053,0.00186664586253012
595.723,0.558246529620491,0.241709730771837,0.135784886172325,0.0437285624744091,0.361820651896775,0.068132080794265,0.00239802571117746
596.295,0.565131818335825,0.24092928178374,0.137127346961011,0.0444522126768275,0.362147625273922,0.0681762562277703,0.00299657764938927
596.867,0.572235939609549,0.240272432271393,0.13846677645055,0.04422931590145,0.363220528307907,0.0680743236228514,0.00269204324174044
597.439,0.579212245675009,0.239264722914491,0.139502731878471,0.0438416778596146,0.364216664887331,0.0679797165990487,0.00226501093165867
598.010,0.586451922114207,0.238240500956598,0.140796305221485,0.0442651234993312,0.365126102101228,0.067458282734085,0.00233130100410836
598.582,0.594567877853512,0.238294622986155,0.142681778669513,0.0443669070040955,0.366797087381261,0.0672873860644653,0.00223711963092737
599.154,0.601964895319015,0.238176873291007,0.143778948399649,0.0446593755584718,0.368185010646419,0.0667044643053544,0.00236621405644019
599.726,0.610142262713261,0.237742912853087,0.14483492153137,0.0447189468348173,0.370759069690697,0.0663079732157815,0.00249700332224541
600.297,0.619477215280635,0.237909627819174,0.146646636551126,0.0449457376717414,0.373489615483954,0.0664801989092638,0.00300495912961968
600.869,0.629015295404493,0.238049593003699,0.148536962242428,0.0452383971448542,0.376140051473085,0.0661648760912956,0.00326450914130202
601.441,0.638774139745728,0.23764274663988,0.150230207121337,0.0450592799314234,0.378158484100097,0.0657774908469488,0.00386153355496041
602.012,0.647606497521234,0.237990225920588,0.151840307555713,0.0447289698085773,0.380425008314256,0.0650343996849561,0.00331390491832925
602.584,0.658083043066968,0.238329609851769,0.153697061503497,0.0446839593494039,0.383851074527153,0.0651487667994109,0.0033714475062282
603.155,0.66842964671307,0.238849290578614,0.155928489676054,0.0444885805734934,0.386976153496147,0.0653215531260064,0.00305017896381862
603.726,0.679836155567424,0.239836997993814,0.158393061439997,0.0443832995760379,0.390740299545076,0.0651727775528965,0.00318339154998842
604.298,0.69113376240894,0.240352931416839,0.160844431417998,0.0446515553220541,0.395039909959559,0.0650693838356101,0.00378760975278641
604.869,0.703725335256979,0.241354612325534,0.163965590248343,0.0448545331813766,0.399164962778503,0.0650099026570657,0.00414042264388991
605.440,0.717049072006634,0.242651527405426,0.166269520174912,0.0447973633201089,0.404779768648074,0.0652355946549626,0.00410448149807228
606.012,0.72899848711631,0.242872483199436,0.167935968098841,0.0445901453990006,0.409240948937042,0.0651292083393197,0.00412510926710312
606.583,0.742041540481553,0.243702909962045,0.170369578998075,0.0446835149540454,0.414149093023548,0.065058444378259,0.00390660191458473
607.154,0.756706582905173,0.245552722410197,0.173434951452875,0.0447863554195821,0.419694103378652,0.0654975643157721,0.00387029793171819
607.725,0.769585593234704,0.246854384337364,0.175357893508419,0.0447020995149829,0.424893351685217,0.0649943191148941,0.00305316094656725
608.296,0.783432400930496,0.24787728402663,0.177025224345044,0.0444450475606525,0.429983305512703,0.0648972550823023,0.00272310404176133
608.867,0.798338436476579,0.249819278567647,0.179520986822222,0.0448077039814431,0.435951094063307,0.0647810410714154,0.00224077885498615
609.438,0.813386181853343,0.251463306590899,0.182935012969432,0.0455443285207882,0.442157326344806,0.0650995448991024,0.00255706422637886
610.009,0.828637780970726,0.25288509468306,0.184986213384668,0.0455651057359861,0.448010926704198,0.0648303295477166,0.00245647878856968
610.580,0.843952086360307,0.25545136940177,0.187963896025186,0.0464805878392356,0.454988057011354,0.0652421852335633,0.00315524606454208
611.151,0.858342064127324,0.257308087780492,0.190137446701901,0.0461687632389742,0.460980905273654,0.0652960818284406,0.00289145836209354
611.722,0.874048248773393,0.260051618959953,0.19230534951077,0.0464377162515678,0.467118046173596,0.0651447391779857,0.00266969564247037
612.293,0.887887904268573,0.262449672653054,0.194002295025499,0.0459433422477172,0.473168015247492,0.0645650632788784,0.00227003918677517
612.863,0.902671009559606,0.264396568200915,0.196512596802792,0.0457512665372313,0.478718271867822,0.0642186811465446,0.00294079362396623
613.434,0.917236065852623,0.267265363323936,0.199395788631949,0.0461846787346126,0.485085464268621,0.0644775795326468,0.00341704298998757
614.005,0.932692282044528,0.269361738509281,0.201516711247648,0.0459579493363851,0.490473643627571,0.0642751007241742,0.00342812273584051
614.576,0.945604566532288,0.27165640792306,0.203696534962448,0.0460614950945114,0.496117990694698,0.0639565967518434,0.00331828534112738
615.146,0.960865502069265,0.274258449485327,0.206882079239794,0.0465651934872451,0.501895205775938,0.064175646079341,0.00392855111086228
615.717,0.97658918964037,0.277229051980488,0.210249009538441,0.0461079795756023,0.507437921223106,0.0636851671540325,0.00420672281996886
616.287,0.990852154083061,0.280480129913364,0.213318071946594,0.045559140405494,0.513855937022811,0.0639946807169765,0.00415175880899905
616.858,1.00483141450447,0.283316074974267,0.214943525308679,0.0449080481312804,0.519873586019239,0.0638190178010782,0.00365253820968656
617.428,1.01555407030615,0.285629942122216,0.217442280730856,0.045110649815989,0.526379279410113,0.063874079015584,0.00338908638189482
617.998,1.02856446993379,0.287283499938579,0.219715680289356,0.0438902527903756,0.532868413116337,0.0637350278133869,0.00268402481027427
618.569,1.0436256190156,0.289756966987048,0.222691135847205,0.0441476554487588,0.540104046353013,0.0634385546186273,0.00294007315969221
619.139,1.05818235534401,0.291382484603602,0.22572577877841,0.0429074387982059,0.546368699248103,0.0628635004979046,0.00222674974550502
619.709,1.07428985116973,0.294017977682156,0.228248700651174,0.0430830264028084,0.552823758241082,0.063095370596755,0.00185296919201264
620.280,1.08856483274028,0.295892350637254,0.230876754810673,0.0426849287203956,0.559054135921954,0.0627320320096933,0.00101379739305538
620.850,1.1020199296907,0.298549186932338,0.234018466166078,0.0430400456519759,0.565491801278685,0.0619132101803304,0.000818457214502629
621.420,1.11527811554552,0.300936715058868,0.237179660800112,0.0433619947696226,0.573450327709726,0.0616352447448672,0.000840455731648244
621.990,1.13216914949737,0.303473995733705,0.240368789627901,0.0435191736164037,0.580138286248015,0.0611476430351346,0.00114442185428999
622.560,1.14494306565798,0.305851249407259,0.243003546056565,0.0433919549525783,0.587250049315413,0.0615028668489883,0.00134284239697281
623.130,1.1560066052391,0.308266626361055,0.245679617866918,0.0438582846507446,0.594447163146791,0.0619526367839295,0.00130010399348569
623.700,1.16793634977633,0.309822026679071,0.247342486197743,0.0441374815530867,0.599994444599351,0.0612829593663604,0.00092106038692656
624.270,1.18124619718877,0.312125161722569,0.250335076840318,0.0444174150747873,0.605600094871879,0.0609440706355396,0.00132371030697827
624.840,1.19504242045987,0.314226885631547,0.252874766449989,0.0438943027574352,0.610646189222283,0.0602581524163097,0.0013234500651985
625.410,1.20904886695561,0.316161949608985,0.255295417610377,0.0442175706868561,0.614825209547073,0.0601288364519681,0.00158278935391596
625.980,1.21995319516899,0.317723691965056,0.256708461920149,0.0431140984902837,0.619847683754932,0.0602759675522561,0.000845687076278955
626.549,1.22995873901729,0.319866370999708,0.257960681795954,0.043727966208386,0.624629396286511,0.0604362345833766,0.00116901685374425
627.119,1.24027277388983,0.32100841958605,0.260093113123156,0.0440309692967876,0.62884903020142,0.0603937995082407,0.0015862076149776
627.689,1.24535576032663,0.322885108775184,0.261448862691523,0.0443512428188411,0.632310450777513,0.0604420729712076,0.00180455082047094
628.258,1.25377934258833,0.324319059597063,0.262731564250947,0.0439620824214788,0.636358189960276,0.0606496286136186,0.00176905649425587
628.828,1.26305377666689,0.325746775570356,0.263577672902062,0.0435358855383167,0.639377111801054,0.0606805278378788,0.00152982596563023
629.398,1.265474713239,0.326480847241655,0.264723832032749,0.0430018049124865,0.642143461491864,0.0608906702666477,0.00164996079933715
629.967,1.26614330243916,0.326393629044551,0.265032559687024,0.0428296839867311,0.642967253395733,0.0600659090447421,0.00139267723153401
630.537,1.26820316766998,0.325800000675776,0.265451982828273,0.042559947032799,0.6437951942033,0.0599945078660851,0.00106999782265713
631.106,1.27352846251939,0.326981378480163,0.266216785550884,0.0423475173837939,0.645028263049029,0.0594401149732671,0.00123032283392466
631.675,1.27498804271905,0.326295527968727,0.265998180858364,0.0417471165624655,0.645668742577645,0.059585292958245,0.00111001559845418
632.245,1.27660537449815,0.326901174890228,0.266443997524424,0.0428554894468615,0.64576135721552,0.0606757972643187,0.00233407703261313
632.814,1.27514109382298,0.326730625168758,0.265886737041455,0.0426665442175739,0.645993496312373,0.0601592830136281,0.00206807122515701
633.383,1.27022414238695,0.326106693659838,0.26612690981401,0.0436116463058928,0.645205972427924,0.0603969232974835,0.00278839882212819
633.953,1.265911714551,0.325339341515271,0.266025648672117,0.0438399875669243,0.643705951746966,0.0602569043699421,0.0030965842330191
634.522,1.25617875205367,0.323870122813661,0.265290332039348,0.0436223952386562,0.64128399734237,0.0605707762194313,0.00396156611723791
635.091,1.25066533431526,0.322652514826911,0.264593422404074,0.043838792449727,0.638445746048555,0.0603800707316274,0.0035377227236685
635.660,1.24023402221474,0.320506727212011,0.261668917546695,0.0437733242235487,0.633777744085531,0.0603774197160388,0.00304462834022047
636.229,1.2283427331907,0.318668671289162,0.259341332071269,0.043791253292127,0.629101402388881,0.0601929355385522,0.00306865583378862
636.798,1.21651761489485,0.316965037985767,0.257416562586172,0.0440163281722495,0.623651971823185,0.0601195717779375,0.00319856069781652
637.367,1.20506677062353,0.314891948607976,0.254850420511043,0.044367361193141,0.618403080539872,0.0608795603647186,0.00286959252411437
637.936,1.19165387510996,0.313177082168632,0.25228019459402,0.045140174395214,0.613214216667174,0.0610082174526277,0.00343188241011324
638.505,1.17483348050957,0.309332136741546,0.25017547036579,0.0454509119696967,0.606009407854452,0.061813617479635,0.003683807124836
639.074,1.15664882892412,0.307442118935355,0.247302489201912,0.0457419778755477,0.599063104371787,0.0620753457942159,0.00382133014028068
639.643,1.1388424029539,0.304139165686286,0.244277516532968,0.0455980920615938,0.591499081852576,0.0623864406011848,0.00327773846196372
640.211,1.11794175868848,0.300577006770336,0.241065167909432,0.0458768413850932,0.583146520027531,0.0631117768253928,0.0032991464397862
640.780,1.10105858488566,0.296505925465486,0.23736890946064,0.046003874573524,0.573642515445457,0.0626423380362581,0.00326438690156993
641.349,1.08035748638805,0.292678760142042,0.233539818933911,0.0458828297933101,0.563638482488956,0.0632340423211928,0.00309668122216012
641.918,1.06085921199075,0.289871736264442,0.230023962599026,0.0462169264695175,0.555354366928912,0.0629982838288674,0.00293939821221703
642.486,1.03929759449687,0.285262214961686,0.225371109705369,0.0458967646692722,0.546065021313805,0.0632772472560635,0.00358190525668839
643.055,1.01684760711709,0.281454127696994,0.223105300210885,0.0458906233145539,0.536066740297248,0.0638250251122111,0.00455734430981894
643.623,0.993369875912808,0.277074795326129,0.219845292935927,0.0461598823430449,0.525635535153645,0.0647129575298617,0.00523174531521842
644.192,0.971714691667954,0.272515512735653,0.215898181193127,0.046412750466723,0.515644131199473,0.065176560189777,0.00498570586730228
644.760,0.948840106104755,0.268760292790887,0.211794978531626,0.0459348071433385,0.505174282552141,0.0647590344907078,0.00575337500008446
645.329,0.925262613653052,0.264016190590666,0.207253215050262,0.0453087030102876,0.49393046046472,0.0642047617017035,0.00474433156734383
645.897,0.901150495686784,0.259837746033358,0.202761467299855,0.0451276930692186,0.483196016237354,0.0640339391824362,0.00476983877573138
646.465,0.877632880521765,0.254663788669791,0.199469660928051,0.0459565053563353,0.473476829499365,0.0639113944135122,0.00454018080279628
647.034,0.851427039481087,0.249641102130487,0.194377624945882,0.0458572758618068,0.462115838161318,0.0634272949234856,0.0054011908397065
647.602,0.827385830634753,0.24580385402974,0.18976236600457,0.0460499374393022,0.450607921121111,0.0630639541405728,0.0059361447413362
648.170,0.802823158592463,0.242187323703652,0.185566910321421,0.0448880300045136,0.439557162307388,0.0630845051852886,0.00628833214633115
648.738,0.777842591321818,0.237569493934939,0.181271779083929,0.0447530900415327,0.428760812845461,0.0631175619544522,0.00682714985697449
649.306,0.751941860372621,0.232371437077584,0.176413573620792,0.0441667698046383,0.417077425570945,0.0625046581617541,0.00670379690284313
649.874,0.727446289988496,0.228607259695397,0.172398203387463,0.0442389048191625,0.406249152376172,0.0622940118543565,0.00662843873761122
650.442,0.704837115221277,0.224226822376368,0.167869571886162,0.0439964144282729,0.395870599162733,0.0625696843659233,0.00600984864106462
651.010,0.681938584038481,0.219661481775816,0.162826295020384,0.0432863204527502,0.385039941041585,0.0616461423388066,0.00535959099063099
651.578,0.658498322665865,0.21530725588107,0.158740236005241,0.0428617512145936,0.374395152400013,0.0613271723093125,0.00518959819471229
652.146,0.635168438211288,0.211032144026518,0.154952967450406,0.0423118169803171,0.363841204445475,0.0602189275446303,0.00376749846805083
652.714,0.612381796075674,0.206978451539118,0.151248820171002,0.0420429318420725,0.354131767579217,0.0600572171951302,0.00361639515262593
653.282,0.590163579188274,0.203018822337188,0.147083691432508,0.0422670571957426,0.345273687629458,0.0595595191791813,0.00302653315411602
653.850,0.569254711624196,0.199471047661881,0.142180998104394,0.0409267513508418,0.335137884336915,0.0590816294907822,0.0031511058861803
654.417,0.54872073753644,0.195511010694157,0.138841127516324,0.0402870766869301,0.325293678052082,0.0584512394338481,0.00194821229902452
654.985,0.528096528977559,0.192353066820457,0.13575018586332,0.0396539891846453,0.316434166073324,0.0581819863542749,0.00163635440455677
655.553,0.507951948951247,0.188853212119877,0.132139169769042,0.0400747924864026,0.308056447124614,0.0582163484966154,0.00144242270107629
656.120,0.489765415292608,0.187178825422267,0.128866308591994,0.0411110366318578,0.300486373971226,0.0580408688335241,0.00126639237135553
656.688,0.472703786735612,0.184549818810123,0.126120300858006,0.0413702652796886,0.292622761984712,0.0592331860192013,0.00107938614021439
657.255,0.456063197299674,0.1815486926391,0.123050555501364,0.0415946556070822,0.285051262559906,0.0594402699450069,0.0014204506349296
657.823,0.439044528999039,0.177944022705461,0.11918329918491,0.0415397300286592,0.277063415227441,0.0577631285414085,0.000434352708458906
658.390,0.423083135754473,0.176337147964739,0.117533192195583,0.0421275975400918,0.270058657690708,0.0579323725183377,0.000976299455046002
658.958,0.40799962543787,0.174162374149732,0.115597405783114,0.0423566977347455,0.263922428134751,0.0577523454583764,0.00146541894435817
659.525,0.39362546624132,0.171689246036057,0.113900237331837,0.0429306906627272,0.258489487710688,0.0586791363167404,0.00227550860420381
660.092,0.380883300444807,0.170442744557687,0.112578652244124,0.0439624511760011,0.251763184984533,0.0595971941573357,0.0039850201716663
660.660,0.367808537851723,0.168548075936251,0.110949610638945,0.0438374869941131,0.244270233607371,0.0601747336842768,0.00340209128570617
661.227,0.355488268314521,0.166843001867125,0.109296206119943,0.0448362724025558,0.238403030421938,0.0600351265009721,0.00404061344966104
661.794,0.342686347735367,0.165623538786678,0.106997801393207,0.0448486749083508,0.233570349910215,0.0599814963604406,0.0040633815597832
662.361,0.330790729029166,0.162034674471999,0.104093010790869,0.0441031079400031,0.227644730950546,0.0597758477666867,0.00360032668128132
662.928,0.319788412420507,0.158439228353346,0.101855223668603,0.0441123182227362,0.221684103682379,0.0586809704930169,0.00298777554006586
663.495,0.308538006024996,0.155429352630678,0.0993867432982917,0.0427006671984097,0.215700749819056,0.0585931293315605,0.00185810991443218
664.062,0.297141477952174,0.153368447687804,0.0969665928563809,0.0421246545362838,0.210013964771492,0.0576646781455133,0.00161941401860329
664.629,0.286352464835773,0.151369650873681,0.0954882589033986,0.0412877337441284,0.203781454223486,0.0572951771749792,0.000949200395224626
665.196,0.275874779859574,0.151189474081463,0.0955446973690599,0.0410277094395876,0.200315535444775,0.0587323317828717,0.00197679225424084
665.763,0.26604833617248,0.149393448146051,0.0932155580622915,0.0403629730216017,0.196112977668194,0.0587031386683996,0.00155394389329763
666.330,0.256215387225791,0.147072005188477,0.0906188465776173,0.0402193245404484,0.191792962310897,0.0586190562915578,0.0011483934140641
666.897,0.247690645865066,0.14457620652886,0.0879978608409979,0.0398765969897297,0.186380071289332,0.058580174658097,9.65751376780991E-05
667.464,0.239253323091541,0.143018991801248,0.0866740289772076,0.038745924288845,0.184146670704034,0.0588749446021464,5.60631282256803E-06
668.030,0.231340338059556,0.140626258067013,0.0853018101701585,0.0386639996853002,0.181544785609534,0.0591447191233343,0.00139288221749526
668.597,0.222981407847983,0.137993886924673,0.0831434315133826,0.037799338499617,0.176702904513467,0.0596086947882658,0.000622577926624007
669.164,0.214855506991959,0.133530952832066,0.080723538160632,0.0358335450633372,0.172510234508464,0.0586130386522598,-0.00099242288079385
669.730,0.208834957436202,0.132923476856854,0.0795277335977224,0.0365895646088983,0.169101498386249,0.0584109168067088,-0.00169149549114051
670.297,0.202367629532281,0.13321262440202,0.0785216863266922,0.0364189021374574,0.166864700598563,0.0593082701096261,-0.00223113649688987
670.863,0.196625494375243,0.132332406572497,0.0781932621304929,0.0366421637860103,0.164819120338252,0.059557927912819,-0.00167555081931092
671.430,0.191962432242724,0.131593960328498,0.0774456330632458,0.0372001573358262,0.162300350618364,0.0597245454670739,-0.00157584760368505
671.996,0.187214221160869,0.130810629035951,0.0765519302205413,0.0372187098593778,0.161140680962345,0.058937828519494,-0.000903452433063856
672.563,0.184403977207295,0.128907400374658,0.075835730917135,0.0383233279188881,0.159185028957139,0.0593975117481093,-9.88618552307644E-05
673.129,0.180367885396112,0.127691579917848,0.0756101157883597,0.038559433045397,0.157576503588231,0.0596574184154359,0.00028805981436991
673.695,0.176146122350424,0.127892189702944,0.075629528347478,0.039403698468342,0.156499255791963,0.0603571615286793,0.000701500741292148
674.262,0.172662254693137,0.128131516918546,0.075911355555164,0.0395669024477708,0.155277423938258,0.0605379044832644,0.0020035409897634
674.828,0.167521907777355,0.126607933645709,0.0746426548374267,0.0388890335405902,0.151968518270359,0.0590519560231332,0.00106588130360534
675.394,0.163071326522928,0.125641458848192,0.0734437171863575,0.0380790413237146,0.150614223070707,0.0582517135491012,0.000427602948553479
675.960,0.160451537530173,0.12706422806979,0.0737954271775592,0.0397253760040236,0.150877623290411,0.0597604676955783,0.000960599771569684
676.526,0.15876307554396,0.129129990693323,0.0745305843089352,0.0423547243493866,0.150572972416105,0.0601883333370375,0.00249037328512082
677.092,0.157042215382862,0.129058409897626,0.0760048235533995,0.0431896136272557,0.149704889019773,0.0615000748954316,0.00356897280118609
677.658,0.154417112319424,0.129063557447771,0.076864013040428,0.0436026121890494,0.149312290855711,0.0617923339419439,0.00537805362160206
678.224,0.151432172491157,0.12795675643854,0.0763055484569996,0.0436702750792429,0.147777293740813,0.0611542316377361,0.00544188814153862
678.790,0.148834234322046,0.127723604914831,0.0770756643651703,0.0442879667685112,0.148150144157223,0.0617716713935307,0.00600609788850009
679.356,0.146102202232569,0.12831153795373,0.076718577733729,0.0461373017032913,0.148289751506968,0.0635811105647325,0.00541060033947338
679.922,0.142169256448644,0.127550996990138,0.0728244163576688,0.0445812412719484,0.146648536921931,0.0621504686330063,0.00451319180845236
680.488,0.138829532576835,0.126408509640263,0.072058730770394,0.0446351255025716,0.144337879245685,0.0613642052560631,0.00344896914809631
681.053,0.137896300501995,0.12558129468599,0.0712115459235005,0.0441561022502819,0.142653456643228,0.0611315122166406,0.00346275459619605
681.619,0.134265124268242,0.12600438511928,0.0707279537234708,0.0434299084839901,0.141715352048114,0.0603052110576437,0.00327463540415712
682.185,0.132178358921137,0.12471227681603,0.0694522028827091,0.0443823160190405,0.140004307955479,0.0598646951761674,0.00278962763514509
682.750,0.132353933107662,0.126259312781665,0.0700934890234378,0.0450763721875422,0.137717426832654,0.0603826789912429,0.00404618417617571
683.316,0.129635174377941,0.124224660115818,0.0695856572205317,0.043385453396265,0.136007229859916,0.0595445356713212,0.00258290483940623
683.882,0.126883938079861,0.124219840215584,0.0692852914900937,0.0414547542301682,0.134064260171836,0.0596976096488323,0.00161336602377214
684.447,0.123095123767614,0.124029748217139,0.0679038423966958,0.0401777295562289,0.133159436241709,0.0580193256409884,0.000846860435027496
685.013,0.120949080135936,0.123625209893747,0.0668505963777135,0.0417349257003917,0.131426919565239,0.0573380468372963,-0.000435024177351557
685.578,0.118791725230797,0.121783284993606,0.0653011424718181,0.0408197298502262,0.13059097765805,0.0563718567721823,-0.000340765753607422
686.143,0.115715932937143,0.119150792940241,0.063289860609978,0.0394171462032181,0.128705410781716,0.0547853393918678,-0.00128358898778197
686.709,0.114842728656748,0.117877276364082,0.0630934445702621,0.0379819665995053,0.12812013966384,0.054793177853758,-0.000237738687335566
687.274,0.115251668040741,0.118670287045792,0.0658528900941652,0.039559951944869,0.127822882822745,0.0556905485333882,0.000902097211290104
687.839,0.115780288371465,0.118442970524847,0.0656187400518579,0.0388564705385009,0.127771233357991,0.0563323624985752,0.000926866212124451
688.404,0.113294993994279,0.117849919232002,0.0641899986003825,0.0370963983974236,0.125477731188073,0.0553474299468336,-0.000684229088043789
688.969,0.113655831536668,0.11656961294372,0.0634295942647082,0.0373335984973095,0.125449964188203,0.056512730038226,0.00046863033495586
689.535,0.112387005623308,0.11740382161666,0.0640937251727913,0.0370478162999812,0.125330588098187,0.0565748218022284,0.000823917593981022
690.100,0.110046191209738,0.116962851783712,0.0632252416802036,0.0362815296210663,0.126073679903158,0.0567863812204193,-0.000506051575538334
690.665,0.10952293651623,0.118069703708258,0.0625610815538939,0.0364407124440643,0.125642111927085,0.0553630200914999,0.000179171289316669
691.230,0.109807851708191,0.117976637781544,0.0624932643657245,0.0379834501253133,0.125437924144051,0.0561363470960886,0.00136253704794439
691.795,0.109631142458787,0.117342147486817,0.0628715431908126,0.0381732330288345,0.125777593805811,0.0561187310760283,0.00218272260512928
692.359,0.110448254315942,0.117064301499314,0.0621485008366487,0.0361858659882646,0.126062562251074,0.0568335863207691,0.00161200928488416
692.924,0.109601941864036,0.118582030142726,0.0645276635486179,0.036107776955305,0.126327797571296,0.0573232749874151,0.000544002953667545
693.489,0.111473639450166,0.12061065383438,0.0665174917862224,0.0378496137723163,0.128717803072908,0.0585914829574293,0.00108837504550676
694.054,0.11106403491543,0.122071009410296,0.0670164858604482,0.0379330687616411,0.127405497114292,0.0575282957402804,0.000271317181078609
694.619,0.109783003846154,0.121238871520177,0.0674883215639374,0.0377615466682844,0.128633896619465,0.0566113085837246,0.000467824852924508
695.183,0.107508421632127,0.12226801117695,0.0675541525599722,0.0379315400877844,0.129565952851916,0.056954565899487,0.000559613964681235
695.748,0.107633226617172,0.123692030682574,0.069407686791462,0.0387064136068971,0.131691697919412,0.0579789964883621,0.00196510737931386
696.313,0.106806717112752,0.12470216790893,0.0687889283347221,0.0397940830159752,0.132124908814077,0.0569780896498055,0.000642746213845577
696.877,0.108035790694787,0.12591732355251,0.0696865531130384,0.0408375605924118,0.135297583569981,0.0590161444311581,0.00300878987375032
697.442,0.106967895298898,0.125213532702763,0.0687415240064797,0.0405334577922216,0.135325782505809,0.0566527874162601,0.00247920848605489
698.006,0.107140985162258,0.126047823666936,0.0706929209307671,0.0409017255573934,0.136394683275164,0.0589939520718606,0.00413586855412775
698.571,0.107219175528753,0.127192816629608,0.0697720250615386,0.0404759088262809,0.136040154834048,0.0561117804021964,0.00490167657395929
699.135,0.108832838138844,0.129687132815841,0.0704218370458888,0.0411348615203293,0.137608902019552,0.0579419521349845,0.00559971230232169
699.699,0.107772520526339,0.130550147453346,0.072435973506704,0.0422439798125934,0.138160156885623,0.057247917044029,0.00710873649712693
700.264,0.108835699844928,0.130190568290454,0.0716275655986932,0.0444145818713427,0.138653416516939,0.0591204115345154,0.0078145874063205
700.828,0.107859239735257,0.12983515638955,0.0707283781088703,0.0441524162032286,0.137867453069867,0.0602765754276213,0.00883065832733238
701.392,0.107437589238952,0.127863547220418,0.0709421749516549,0.0440053936975625,0.13819011227655,0.0612229996582632,0.00957968950283343
701.956,0.106109710381924,0.127091603058061,0.07153438476233,0.0426367571669762,0.136118490627749,0.0614885417493341,0.00752950514495226
702.520,0.107302904313132,0.126155245990575,0.0721436412353206,0.0432416986047542,0.134208779080756,0.0606029503895903,0.00916357947468322
703.084,0.1084672418377,0.123950510954609,0.07067763543585,0.0433854857652337,0.132703391063729,0.0611628241657236,0.00874509463343087
703.648,0.107896858026193,0.121646241540009,0.0689679685989932,0.0410128469005026,0.130662321932667,0.0603198548515993,0.00811212099422291
704.212,0.107719619612862,0.120859833774478,0.0685525278781072,0.0412915726986888,0.128383105079723,0.0597066022602523,0.00662602584414915
704.776,0.109374265129902,0.120189598827208,0.0697252703936901,0.0413689623880839,0.129768567679509,0.0621114107192935,0.00721892116955749
705.340,0.110721553034607,0.119028826469933,0.071284008607491,0.0418543892219303,0.130107379994828,0.0609510306329802,0.00838240566655819
705.904,0.109787875878566,0.116540163876424,0.0721999935915972,0.0409993246265625,0.130514814915913,0.0622675200154802,0.00623725635712323
706.468,0.105912109625345,0.114512642045835,0.0718676087742163,0.0409962799037946,0.126663970585539,0.0613399891600775,0.00518505732833106
707.032,0.105068760310177,0.113110234672897,0.0686874806629907,0.0399997235864645,0.125263392995895,0.0605199277616322,0.00334013747073156
707.596,0.104505314874072,0.115869764350571,0.0674425143208126,0.0411798931569103,0.125728848527184,0.0597824576706098,0.00472337710710519
708.159,0.104026749178686,0.115683096509239,0.0678210364584863,0.041211822105072,0.125320129997435,0.0590454372573812,0.00468348662159373
708.723,0.102635966701291,0.116805573854791,0.0667426771117377,0.0417223778532019,0.12535008376349,0.0560260569751368,0.00386670236504169
709.286,0.104378671763691,0.120992910202506,0.0669337714215818,0.0431161387518734,0.125407153998904,0.057348104734423,0.00561728813204466
709.850,0.102859650318409,0.121502591567157,0.0670350649356672,0.0442078847967034,0.126747949172176,0.0586774240955929,0.00438797929245961
710.414,0.100673717607185,0.122434833356276,0.0674129463411431,0.0456341452793963,0.127741924999152,0.0580109153651205,0.00547112502930662
710.977,0.100910411778039,0.122490248276599,0.06984238902276,0.0482520598906347,0.127670344954234,0.0585258832047856,0.00393215824452933
711.541,0.101299875694114,0.12294941632215,0.069076149822393,0.047927508620995,0.126700881162421,0.0600267298052093,0.00232916670205028
712.104,0.0998987810591638,0.123587207527893,0.070272209595276,0.0503211117391513,0.125683572234102,0.0617702945387373,0.0041257552513638
712.667,0.0985596722948277,0.122100243976815,0.0667184638999476,0.0483510452408284,0.126013669294487,0.0613978303240674,0.00210256438246541
713.231,0.0985707634446015,0.123985582515978,0.0694206446887429,0.051068406995824,0.127092582776394,0.0632148069713407,0.00474621732088847
713.794,0.0999705141834718,0.1241146039326,0.0688366210091769,0.0510763897531398,0.129160876012896,0.0629025453516004,0.00361575968056005
714.357,0.10083371405164,0.124868109083501,0.0712353617651655,0.0521430620150156,0.128901393820896,0.064281945542344,0.00485721994192263
714.920,0.10046306348745,0.122466687931491,0.0728597721533535,0.0482267820452612,0.127117759494074,0.0649406000714124,0.00429619283916361
715.483,0.101378584564264,0.123096112413593,0.0733250286121891,0.050406666760198,0.126031588697331,0.0650059281114221,0.0028823751482656
716.046,0.101969227478425,0.121548663093555,0.0727447335720439,0.0490419564257374,0.124417207412246,0.0677874350465176,0.00195993560544505
716.609,0.101551566523431,0.119501756088058,0.0717981496922162,0.0473361301182885,0.126535439552204,0.0682388309183615,0.00219405907171704
717.172,0.1015487985251,0.11990432561392,0.0713858165659697,0.0476036925325127,0.127169205642005,0.0689675281231095,0.00246154858294547
717.735,0.102959358963888,0.121890017251144,0.0728001081501954,0.0481991115026184,0.129550418680825,0.0706428329615344,0.00285995350194439
718.298,0.102251368855355,0.124117542670698,0.0715029847477509,0.0486526939954793,0.131535450123226,0.072334431741079,0.00703866052584259
718.861,0.0996523196975036,0.122961026727129,0.0715598900946126,0.0473072410894108,0.133743200750533,0.0697844145124576,0.0068344818974402
719.424,0.0979930267119546,0.121783924360225,0.0690349675954155,0.0438287131149429,0.132730330599186,0.0670918442532502,0.00403494010121358
719.987,0.0981404863943736,0.124581701381688,0.0703876108428979,0.0455180139882305,0.133215038125536,0.0664715135676415,0.00549785951823835
720.550,0.0994874605532685,0.122949312914385,0.0662513828411923,0.0439395334237075,0.133184479391647,0.0655357929831179,0.00360786953314724
721.112,0.0989487185006127,0.120445068301439,0.0642280074392606,0.0404358474278299,0.132717802559365,0.0664332486973176,0.00341921050906091
721.675,0.0981172745179998,0.119071839235838,0.0650638923862488,0.0379657111053236,0.133665005770186,0.0648753722232618,0.00342904585702817
722.238,0.0970721092949041,0.121043967400005,0.0645003759130819,0.0417936547444839,0.132116098924626,0.0640720772953842,0.00254440104695397
722.800,0.0938344718309483,0.121152195478898,0.0642375937957094,0.0384779967067139,0.13170129794838,0.0642458537665117,0.00240861504783698
723.363,0.0913447135480194,0.121457771244626,0.0631849273139567,0.0386663940684025,0.129641249155353,0.0627766275443409,0.000412225496886624
723.925,0.089801692247839,0.119999756908424,0.060765587953374,0.0400522665400607,0.129424207514476,0.060373869916761,-0.0023485285653146
724.488,0.0948461599990109,0.119848329127036,0.0632126358678592,0.041080926620059,0.131832283697716,0.0605423224250587,0.000239374496193615
725.050,0.0952583633303389,0.119227189076321,0.0627572805667612,0.038977115969754,0.129216975674299,0.0602425600346346,-0.00163389628332467
725.612,0.0967160957377347,0.120060896815148,0.0654194555314506,0.0376438784088441,0.130684662153284,0.0584851873482647,-0.00297980479994882
726.175,0.0981084219727955,0.118534326795495,0.0643648866023929,0.0357266864710683,0.128039006119709,0.0571161253100967,-0.00193372672088701
726.737,0.102644954117762,0.125405872615721,0.069945276318687,0.041453480973413,0.129547317017236,0.0619707747075735,0.00111513167259317
727.299,0.103460263289516,0.124630898656073,0.0678931933768068,0.0406715486610319,0.127122790824388,0.0644945946111027,-0.000181250278140163
727.861,0.10295130668126,0.124502752020047,0.0685738604334843,0.0410514861243714,0.12738605586755,0.0676119496159798,-0.000556707223018914
728.423,0.104066723421179,0.128067761283553,0.0703244885827823,0.0485671632832995,0.130376409038028,0.0701240206644108,0.00305366767340298
728.986,0.103833036901902,0.128859662142263,0.0690897188658947,0.0509912633773342,0.130611043239446,0.0696693024990353,0.00309399069892863
729.548,0.108352499560502,0.127476358666963,0.0697162553018889,0.0508162864780018,0.134793111610138,0.0712770735773667,0.00471156649453618
730.110,0.114007333936248,0.127288361117849,0.071341770408873,0.0525982649940554,0.135927133114134,0.074279651721158,0.00830379882066087
730.672,0.116907446337655,0.128318217555244,0.0733868416307403,0.0525537098190223,0.137715002846055,0.0766666947250355,0.0102476728300952
731.233,0.117112494468565,0.130282994875565,0.0760176603198784,0.052603337735869,0.136057811748846,0.0798754317545489,0.0114332438604815
731.795,0.115422552339446,0.130709616001108,0.0752869001255698,0.0501830993223034,0.135439529055447,0.0767289960450252,0.00912952847651095
732.357,0.113598303341254,0.125243696300749,0.0750563776367175,0.0498394460243199,0.13300298342864,0.0731432278044542,0.00915759330582813
732.919,0.112653038596264,0.123951201616782,0.0770172216047585,0.0493601443915079,0.132568613359909,0.0782829364257945,0.00847692005449486
733.481,0.109740521986385,0.124129872296691,0.0775123561125384,0.0485917215012689,0.130033462888335,0.0794822095333171,0.00522164567000381
734.042,0.107032393396446,0.118485991155739,0.0742617326809544,0.0452350341950128,0.129282058515347,0.0769297673268935,0.00296975209306989
734.604,0.102724111024865,0.11891525131297,0.0780660242967459,0.0480414287110322,0.130313941023166,0.0768367415315963,-0.000598631668044892
735.166,0.0995274483890589,0.121522751180778,0.0805899621826968,0.0449998715167568,0.128591352575741,0.0744200321677243,-0.000311691172569976
735.727,0.0971069899802663,0.120517588957335,0.0817260140341482,0.0400151550930827,0.125842735278067,0.0709413807967651,-0.00407447780686577
736.289,0.097356875545755,0.119867800813762,0.0798322331552898,0.0383870975958988,0.125571647038428,0.072840864530261,-0.00510741860603065
736.850,0.0950268871368091,0.120821748946141,0.0803182507098973,0.0390464505739717,0.124436673140248,0.0731391628739987,-0.00354014428590032
737.412,0.0922727319627125,0.122917352751257,0.0784368993290998,0.036176172174001,0.124499174416876,0.0655845210807336,-0.0059723439463046
737.973,0.0880425466811453,0.120965010712586,0.0746244238381428,0.0344748027711331,0.124960863104054,0.0605400188013948,-0.00995109060189911
738.534,0.0856286310387278,0.120577775004172,0.0749901185311779,0.0347620703711716,0.122404772640538,0.0596374926269956,-0.0119274165128337
739.096,0.0825430587062904,0.123957650629234,0.0732698539372577,0.0372772024813592,0.124571180191055,0.0626552692808033,-0.014488576788119
739.657,0.081475273247757,0.130287411338478,0.0721294555268492,0.0380350465453573,0.129613993078757,0.0627331419128623,-0.0163079648601676
740.218,0.0860945536397138,0.131816449362207,0.07238199938526,0.0413430769447006,0.132133298661268,0.0614056859809345,-0.0136211405025256
740.779,0.0894352025472491,0.133679431091139,0.0723991105414384,0.0435698457623282,0.133618634084786,0.0604143513263249,-0.010398474337585
741.341,0.0888990457113125,0.135793096154937,0.0708228669693604,0.0429648489291174,0.141846204463417,0.0629698110665145,-0.00721756296636967
741.902,0.0941398806534456,0.133094466532839,0.0622963649296524,0.0434478115617807,0.14330264267721,0.0630098080563471,0.00027801815048436
742.463,0.100017315847242,0.134744514770915,0.063593240170037,0.0473649723457679,0.146574332997185,0.0651892899366717,0.00299972098974629
743.024,0.105464551386029,0.137448018885983,0.0649345777174681,0.052639607406999,0.151894550049928,0.0676980950506302,0.00821945798655219
743.585,0.106825262238188,0.136517508770767,0.0701772742513946,0.0537298269992872,0.153081517769328,0.0663216558334175,0.00644071525933303
744.146,0.107964881892489,0.131247370442225,0.0716045697745399,0.0522821613990831,0.154983674450721,0.0614000955158323,0.00498623003107554
744.706,0.107921524788677,0.131053808205716,0.0749665273219069,0.0532625406395033,0.160086592242715,0.0655486140074928,0.00829410662934764
745.267,0.111542460123525,0.135115841840961,0.0766852318468304,0.0532107151338423,0.162057679392074,0.0697515756628014,0.0128785906232117
745.828,0.116082497293786,0.135221649845635,0.0749588438745789,0.0540239776479833,0.164705385417494,0.0662160612946502,0.013367876750743
746.389,0.11974067870584,0.131253609734343,0.0769672484594401,0.0529220833381732,0.161797660203476,0.0638530790888649,0.0141036302200829
746.949,0.124092418390829,0.130989197102842,0.0793846147116649,0.0541934233779178,0.162190814769253,0.0675304790400495,0.0160506310694685
747.510,0.123318159988908,0.131263763218758,0.0769026738989602,0.0525151622381641,0.159950024403045,0.0658776887356278,0.0135282919085994
748.071,0.124285629755172,0.131832065827051,0.0781781486088078,0.053012743916693,0.164797378049709,0.0661226009696101,0.0106264101955271
748.631,0.131217194712191,0.132163300754694,0.081962862531716,0.0570563467097691,0.158478508589103,0.0612126010179518,0.0100292128877761
749.192,0.129725214238003,0.136551607639208,0.0987560970603401,0.053702487593321,0.161524842708905,0.0590764151442694,0.00517661503495835
749.752,0.12532300508537,0.130997663251319,0.0956114757706828,0.0512660842024309,0.158271749555223,0.0540644841059207,-0.000383849545878661
